상가업소번호,상호명,지점명,상권업종대분류코드,상권업종대분류명,상권업종중분류코드,상권업종중분류명,상권업종소분류코드,상권업종소분류명,표준산업분류코드,표준산업분류명,시도코드,시도명,시군구코드,시군구명,행정동코드,행정동명,법정동코드,법정동명,PNU코드,대지구분코드,대지구분명,지번본번지,지번부번지,지번주소,도로명코드,도로명,건물본번지,건물부번지,건물관리번호,건물명,도로명주소,구우편번호,신우편번호,동정보,층정보,호정보,경도,위도
MA010120220805502470,세찌리쿼세계주류할인점,,G2,소매,G206,음료 소매,G20601,얼음 소매업,G47221,음료 소매업,11,서울특별시,11230,동대문구,11230570,전농2동,1123010400,전농동,1123010400101550000,1,대지,155,,서울특별시 동대문구 전농동 155,112303105013,서울특별시 동대문구 전농로,192,,1123010400101550000026633,전농동삼성아파트,서울특별시 동대문구 전농로 192,130770,02505,,1,,127.055452587704,37.5828057634386
MA010120220805927367,바른먹거리녹즙,,G2,소매,G206,음료 소매,G20601,얼음 소매업,G47992,계약배달 판매업,48,경상남도,48220,통영시,48220600,북신동,4822011000,북신동,4822011000105650004,1,대지,565,4,경상남도 통영시 북신동 565-4,482204799523,경상남도 통영시 장골로,25,,4822011000105650004000001,녹원빌리지,경상남도 통영시 장골로 25,650805,53058,,1,,128.423668469917,34.8553944126161
MA010120220807705026,신안얼음，신안식품,,G2,소매,G206,음료 소매,G20601,얼음 소매업,G47221,음료 소매업,46,전라남도,46110,목포시,46110510,용당1동,4611010100,용당동,4611010100110500005,1,대지,1050,5,전라남도 목포시 용당동 1050-5,461104643132,전라남도 목포시 동부로17번길,20,2,4611010100110500005026278,동부,전라남도 목포시 동부로17번길 20-2,530361,58652,,1,,126.392515387955,34.8046482269357
MA010120220810361462,아이스크림할인점,,G2,소매,G206,음료 소매,G20601,얼음 소매업,G47216,"빵류, 과자류 및 당류 소매업",41,경기도,41220,평택시,41220550,지산동,4122011000,지산동,4122011000110940000,1,대지,1094,,경기도 평택시 지산동 1094,412203188087,경기도 평택시 지산2로,50,,4122011000110940000001259,건영,경기도 평택시 지산2로 50,459747,17763,,1,,127.064122202889,37.0751869260559
MA0101202409A0051554,석빙고,,G2,소매,G206,음료 소매,G20601,얼음 소매업,G47221,음료 소매업,28,인천광역시,28110,중구,28110520,연안동,2811011800,항동7가,2811011800100270069,1,대지,27,69,인천광역시 중구 항동7가 27-69,281104247185,인천광역시 중구 연안부두로33번길,37,,2811011800100270069031154,명칭없음,인천광역시 중구 연안부두로33번길 37,400801,22348,,1,,126.606553766967,37.4541313033504
MA0101202409A0077651,커피에반하다수원권선삼익점,,G2,소매,G206,음료 소매,G20601,얼음 소매업,G47221,음료 소매업,41,경기도,41113,수원시 권선구,41113670,권선1동,4111313700,권선동,4111313700109770006,1,대지,977,6,경기도 수원시 권선구 권선동 977-6,411134325358,경기도 수원시 권선구 세지로94번길,15,3,4111313700109770006027699,명칭없음,경기도 수원시 권선구 세지로94번길 15-3,441821,16564,,1,,127.019288068562,37.2599914304945
MA0101202411A0116565,스파클얼음,무인점,G2,소매,G206,음료 소매,G20601,얼음 소매업,G47221,음료 소매업,31,울산광역시,31110,중구,31110600,태화동,3111011100,태화동,3111011100104510006,1,대지,451,6,울산광역시 중구 태화동 451-6,311104307322,울산광역시 중구 신기8길,32,,3111011100104510006002995,,울산광역시 중구 신기8길 32,681819,44457,,1,,129.294934487466,35.5511899903468
MA0101202411A0167705,더블에이상사,,G2,소매,G206,음료 소매,G20601,얼음 소매업,G47221,음료 소매업,41,경기도,41450,하남시,41450530,신장2동,4145010600,신장동,4145010600105190010,1,대지,519,10,경기도 하남시 신장동 519-10,414504406272,경기도 하남시 하남대로776번길,50,,4145010600105190010000001,,경기도 하남시 하남대로776번길 50,465810,12950,,1,,127.213333613463,37.5402522140787
MA0101202410A0018625,두리,,G2,소매,G206,음료 소매,G20601,얼음 소매업,G47221,음료 소매업,51,강원특별자치도,51110,춘천시,51110630,효자2동,5111011200,효자동,5111011200103350001,1,대지,335,1,강원특별자치도 춘천시 효자동 335-1,511104454048,강원특별자치도 춘천시 공지로252번길,15,,4211011200103350001029997,,강원특별자치도 춘천시 공지로252번길 15,200948,24343,,,,127.736999605615,37.8654804695457
MA010120220801127249,세창얼음,,G2,소매,G206,음료 소매,G20601,얼음 소매업,G47221,음료 소매업,28,인천광역시,28140,동구,28140530,화수2동,2814010200,화수동,2814010200100070159,1,대지,7,159,인천광역시 동구 화수동 7-159,281403150030,인천광역시 동구 화수부두로,40,,2814010200100070159120654,,인천광역시 동구 화수부두로 40,401804,22502,,,,126.629451199169,37.4885606566179
MA010120220803021309,오성얼음,,G2,소매,G206,음료 소매,G20601,얼음 소매업,G47221,음료 소매업,48,경상남도,48170,진주시,48170565,중앙동,4817011700,장대동,4817011700100610017,1,대지,61,17,경상남도 진주시 장대동 61-17,481704797075,경상남도 진주시 장대로43번길,10,2,4817011700100610017004096,,경상남도 진주시 장대로43번길 10-2,660170,52755,,1,,128.086636114195,35.1951031137179
MA010120220803085422,바른녹즙,,G2,소매,G206,음료 소매,G20601,얼음 소매업,G47992,계약배달 판매업,26,부산광역시,26380,사하구,26380550,당리동,2638010200,당리동,2638010200103520052,1,대지,352,52,부산광역시 사하구 당리동 352-52,263803134012,부산광역시 사하구 마하로,45,1,2638010200103520052024592,,부산광역시 사하구 마하로 45-1,604831,49332,,,,128.983459355524,35.1036904433276
MA010120220806047838,온양얼음미미화원,,G2,소매,G206,음료 소매,G20601,얼음 소매업,G47221,음료 소매업,44,충청남도,44200,아산시,44200570,온양1동,4420010100,온천동,4420010100102990036,1,대지,299,36,충청남도 아산시 온천동 299-36,442003253080,충청남도 아산시 청운로,117,1,4420010100102990036039797,,충청남도 아산시 청운로 117-1,336817,31514,,,,127.007830850658,36.784421267262
MA010120220807529041,태금얼음&천막,,G2,소매,G206,음료 소매,G20601,얼음 소매업,G47221,음료 소매업,46,전라남도,46230,광양시,46230570,태인동,4623010900,태인동,4623010900116510003,1,대지,1651,3,전라남도 광양시 태인동 1651-3,462304655094,전라남도 광양시 담안길,77,3,4623010900116510003048899,,전라남도 광양시 담안길 77-3,545885,57817,,,,127.750059422794,34.9414118916505
MA010120220807689916,가야얼음집,,G2,소매,G206,음료 소매,G20601,얼음 소매업,G47221,음료 소매업,46,전라남도,46110,목포시,46110535,연동,4611010200,산정동,4611010200110810031,1,대지,1081,31,전라남도 목포시 산정동 1081-31,461104643485,전라남도 목포시 연동로5번길,15,,4611010200110810031016800,,전라남도 목포시 연동로5번길 15,530811,58732,,,,126.393619573629,34.7971270830855
MA010120220807681152,남해얼음,,G2,소매,G206,음료 소매,G20601,얼음 소매업,G47221,음료 소매업,46,전라남도,46890,완도군,46890310,군외면,4689031024,군외면,4689031024107660001,1,대지,766,1,전라남도 완도군 군외면 원동리 766-1,468903017047,전라남도 완도군 군외면 청해진로,83,,4689031024107660002000001,,전라남도 완도군 군외면 청해진로 83,537812,59102,,,,126.633645333331,34.3980377741786
MA010120220809103685,팔우정얼음,,G2,소매,G206,음료 소매,G20601,얼음 소매업,G47221,음료 소매업,47,경상북도,47130,경주시,47130530,황오동,4713010500,황오동,4713010500101160004,1,대지,116,4,경상북도 경주시 황오동 116-4,471303305061,경상북도 경주시 태종로,801,14,4713010500101160004028715,,경상북도 경주시 태종로 801-14,780957,38159,,,,129.216971490883,35.841656071405
MA010120220809129002,청해얼음유통,,G2,소매,G206,음료 소매,G20601,얼음 소매업,G47221,음료 소매업,47,경상북도,47130,경주시,47130360,현곡면,4713036027,현곡면,4713036027101850001,1,대지,185,1,경상북도 경주시 현곡면 금장리 185-1,471304715008,경상북도 경주시 현곡면 가삼골1길,10,4,4713036027101850001117576,,경상북도 경주시 현곡면 가삼골1길 10-4,780922,38050,,,,129.190289566888,35.8745922727804
MA010120220810689165,본동얼음,,G2,소매,G206,음료 소매,G20601,얼음 소매업,G47221,음료 소매업,26,부산광역시,26530,사상구,26530620,괘법동,2653010400,괘법동,2653010400103850010,1,대지,385,10,부산광역시 사상구 괘법동 385-10,265304217215,부산광역시 사상구 사상로250번길,109,,2653010400103850010030056,,부산광역시 사상구 사상로250번길 109,617806,46966,,,,128.987465813564,35.1652203812569
MA010120220812103347,안동얼음,,G2,소매,G206,음료 소매,G20601,얼음 소매업,G47221,음료 소매업,47,경상북도,47170,안동시,47170585,서구동,4717011900,옥야동,4717011900103630021,1,대지,363,21,경상북도 안동시 옥야동 363-21,471704721818,경상북도 안동시 영호1길,11,12,4717011900103630021014584,,경상북도 안동시 영호1길 11-12,760240,36707,,,,128.721601209834,36.5609356597285
MA0101202305A0110613,해마루유통,,G2,소매,G206,음료 소매,G20601,얼음 소매업,G47221,음료 소매업,41,경기도,41210,광명시,41210660,학온동,4121010500,노온사동,4121010500109310000,1,대지,931,,경기도 광명시 노온사동 931,412103187053,경기도 광명시 장절로,26,,4121010500109310000000001,첫동하우스,경기도 광명시 장절로 26,423080,14334,,,,126.848371481196,37.4262439319527
MA0101202306A0048114,믿음유통,,G2,소매,G206,음료 소매,G20601,얼음 소매업,G47221,음료 소매업,28,인천광역시,28260,서구,28260610,가좌4동,2826011200,가좌동,2826011200104760006,1,대지,476,6,인천광역시 서구 가좌동 476-6,282603154072,인천광역시 서구 열우물로,201,,2826011200104760006010275,삼호물산유통프라자,인천광역시 서구 열우물로 201,404254,22824,,,,126.687579119934,37.4809710180881
MA0101202309A0025719,남흥얼음,,G2,소매,G206,음료 소매,G20601,얼음 소매업,G47221,음료 소매업,46,전라남도,46130,여수시,46130570,중앙동,4613010800,교동,4613010800106000042,1,대지,600,42,전라남도 여수시 교동 600-42,461304646114,전라남도 여수시 교동시장7길,2,1,4613010800106000042035394,,전라남도 여수시 교동시장7길 2-1,550803,59734,,2,,127.73108769795,34.7384102307447
MA0101202310A0056763,마포얼음나라창고,,G2,소매,G206,음료 소매,G20601,얼음 소매업,G47221,음료 소매업,11,서울특별시,11440,마포구,11440680,합정동,1144012200,합정동,1144012200104620002,1,대지,462,2,서울특별시 마포구 합정동 462-2,114404139131,서울특별시 마포구 동교로8길,70,,1144012200104620002028066,,서울특별시 마포구 동교로8길 70,121888,04019,,1,,126.906164696168,37.5490392021537
MA0101202309A0076131,스파리스음료코너,,G2,소매,G206,음료 소매,G20601,얼음 소매업,G47221,음료 소매업,41,경기도,41465,용인시 수지구,41465580,상현2동,4146510700,상현동,4146510700102540014,1,대지,254,14,경기도 용인시 수지구 상현동 254-14,414653205005,경기도 용인시 수지구 만현로,110,,4146510700102540014026642,원희캐슬프라자,경기도 용인시 수지구 만현로 110,448132,16930,,,,127.08479140826,37.3067355721548
MA0101202311A0075053,다이얼음,,G2,소매,G206,음료 소매,G20601,얼음 소매업,G47221,음료 소매업,46,전라남도,46130,여수시,46130655,대교동,4613011600,남산동,4613011600100040000,1,대지,4,,전라남도 여수시 남산동 4,461303282010,전라남도 여수시 남산로,60,31,4613011600100040000023714,여수수산물특화시장,전라남도 여수시 남산로 60-31,550120,59753,,,,127.73289728728,34.7368309255135
MA0101202310A0077998,백궁석매점휴게실,,G2,소매,G206,음료 소매,G20601,얼음 소매업,G47221,음료 소매업,41,경기도,41630,양주시,41630340,장흥면,4163034024,장흥면,4163034024102870006,1,대지,287,6,경기도 양주시 장흥면 석현리 287-6,416304436097,경기도 양주시 장흥면 권율로309번길,317,120,4163034024102870006000001,,경기도 양주시 장흥면 권율로309번길 317-120,482812,11519,,2,,126.941460960649,37.7504857545842
MA0101202406A0013474,남창얼음,,G2,소매,G206,음료 소매,G20601,얼음 소매업,G47221,음료 소매업,31,울산광역시,31710,울주군,31710256,온양읍,3171025624,온양읍,3171025624103850035,1,대지,385,35,울산광역시 울주군 온양읍 남창리 385-35,317104319149,울산광역시 울주군 온양읍 남창장터길,6,1,3171025624103850001000925,,울산광역시 울주군 온양읍 남창장터길 6-1,689902,44974,,,,129.281484039779,35.4164190773496
MA0101202406A0121643,아이스홀릭,,G2,소매,G206,음료 소매,G20601,얼음 소매업,G47221,음료 소매업,28,인천광역시,28110,중구,28110520,연안동,2811011800,항동7가,2811011800100650108,1,대지,65,108,인천광역시 중구 항동7가 65-108,281104247192,인천광역시 중구 연안부두로99번길,12,,2811011800100650006038066,항동,인천광역시 중구 연안부두로99번길 12,400802,22350,,3,,126.59895258051,37.45106935769
MA010120220800897606,일도얼음,,G2,소매,G206,음료 소매,G20601,얼음 소매업,G47221,음료 소매업,29,광주광역시,29140,서구,29140575,양동,2914010400,양동,2914010400100050208,1,대지,5,208,광주광역시 서구 양동 5-208,291404280282,광주광역시 서구 양동시장2길,22,,2914010400100050208006849,,광주광역시 서구 양동시장2길 22,502822,61924,,,,126.902511040568,35.152933695317
MA010120220804531094,힐링얼음,,G2,소매,G206,음료 소매,G20601,얼음 소매업,G47221,음료 소매업,48,경상남도,48220,통영시,48220590,정량동,4822010900,정량동,4822010900113680000,1,대지,1368,,경상남도 통영시 정량동 1368,482204799396,경상남도 통영시 정동3길,7,,4822010900113680000000001,힐링빌,경상남도 통영시 정동3길 7,650807,53050,,,,128.432783082387,34.8450575181789
MA010120220804570188,롯데냉동,,G2,소매,G206,음료 소매,G20601,얼음 소매업,G47221,음료 소매업,51,강원특별자치도,51230,삼척시,51230510,남양동,5123012000,남양동,5123012000101640004,1,대지,164,4,강원특별자치도 삼척시 남양동 164-4,512304472052,강원특별자치도 삼척시 남산길,76,,4223012000101640004000001,,강원특별자치도 삼척시 남산길 76,245938,25930,,,,129.164335760915,37.4354424349971
MA010120220805896810,한양얼음,,G2,소매,G206,음료 소매,G20601,얼음 소매업,G47221,음료 소매업,11,서울특별시,11350,노원구,11350670,상계5동,1135010500,상계동,1135010500101690205,1,대지,169,205,서울특별시 노원구 상계동 169-205,113504130395,서울특별시 노원구 한글비석로23길,21,,1135010500101690205002370,한양스위트빌,서울특별시 노원구 한글비석로23길 21,139815,01683,,1,,127.071274325176,37.6599037705978
MA010120220805988573,충무얼음,,G2,소매,G206,음료 소매,G20601,얼음 소매업,G47221,음료 소매업,26,부산광역시,26140,서구,26140640,충무동,2614012100,충무동2가,2614012100100040002,1,대지,4,2,부산광역시 서구 충무동2가 4-2,261404178014,부산광역시 서구 구덕로119번길,40,4,2614012100100040002013807,,부산광역시 서구 구덕로119번길 40-4,602012,49253,,1,,129.022696615471,35.0948682388111
MA010120220805991420,티파니,,G2,소매,G206,음료 소매,G20601,얼음 소매업,G47221,음료 소매업,52,전북특별자치도,52140,익산시,52140656,신동,5214012100,신동,5214012100108120001,1,대지,812,1,전북특별자치도 익산시 신동 812-1,521404608112,전북특별자치도 익산시 인북로64길,32,,4514012100108120001068873,,전북특별자치도 익산시 인북로64길 32,570976,54635,,1,,126.964859978424,35.9588294978234
MA010120220806037200,코레스트아이티,,G2,소매,G206,음료 소매,G20601,얼음 소매업,G47221,음료 소매업,11,서울특별시,11545,금천구,11545510,가산동,1154510100,가산동,1154510100103710041,1,대지,371,41,서울특별시 금천구 가산동 371-41,115453117001,서울특별시 금천구 가산디지털1로,171,,1154510100103710041014470,가산에스케이브이원센터,서울특별시 금천구 가산디지털1로 171,153803,08503,,,,126.880675837505,37.4807651927289
MA010120220807390747,덕인얼음판매소,,G2,소매,G206,음료 소매,G20601,얼음 소매업,G47221,음료 소매업,52,전북특별자치도,52800,부안군,52800250,부안읍,5280025023,부안읍,5280025023102360002,1,대지,236,2,전북특별자치도 부안군 부안읍 선은리 236-2,528004640478,전북특별자치도 부안군 부안읍 용계길,16,9,4580025023102360002023815,,전북특별자치도 부안군 부안읍 용계길 16-9,579807,56307,,,,126.740042276876,35.7279851851383
MA010120220810399350,헬스올투,,G2,소매,G206,음료 소매,G20601,얼음 소매업,G47221,음료 소매업,31,울산광역시,31200,북구,31200590,염포동,3120012700,염포동,3120012700101910001,1,대지,191,1,울산광역시 북구 염포동 191-1,312004316151,울산광역시 북구 새장터6길,14,,3120012700101910001005226,,울산광역시 북구 새장터6길 14,683806,44260,,1,,129.391280887158,35.5345936969277
MA010120220810441817,영광상회,,G2,소매,G206,음료 소매,G20601,얼음 소매업,G47221,음료 소매업,30,대전광역시,30170,서구,30170586,월평1동,3017011300,월평동,3017011300112300000,1,대지,1230,,대전광역시 서구 월평동 1230,301704298046,대전광역시 서구 계룡로251번길,10,,3017011300112300000021137,,대전광역시 서구 계룡로251번길 10,302852,35226,,1,,127.357054312725,36.353761226931
MA010120220810494375,보수얼음집,,G2,소매,G206,음료 소매,G20601,얼음 소매업,G47221,음료 소매업,26,부산광역시,26110,중구,26110545,보수동,2611012000,보수동1가,2611012000100240008,1,대지,24,8,부산광역시 중구 보수동1가 24-8,261104175156,부산광역시 중구 보수대로140번길,30,,2611012000100240008006274,,부산광역시 중구 보수대로140번길 30,600802,48962,,,,129.023213707519,35.1069173503499
MA010120220814358943,백제얼음,,G2,소매,G206,음료 소매,G20601,얼음 소매업,G47221,음료 소매업,52,전북특별자치도,52111,전주시 완산구,52111711,효자1동,5211114000,효자동1가,5211114000106830003,1,대지,683,3,전북특별자치도 전주시 완산구 효자동1가 683-3,521114598254,전북특별자치도 전주시 완산구 안행9길,29,6,4511114000106830003008507,,전북특별자치도 전주시 완산구 안행9길 29-6,560857,55105,,,,127.132495600907,35.8025747111664
MA0101202210A0069016,아이스크림가게서산,1호점,G2,소매,G206,음료 소매,G20601,얼음 소매업,G47221,음료 소매업,44,충청남도,44210,서산시,44210510,부춘동,4421010100,읍내동,4421010100106220001,1,대지,622,1,충청남도 서산시 읍내동 622-1,442103254060,충청남도 서산시 부춘1로,20,,4421010100106220001033737,,충청남도 서산시 부춘1로 20,356837,31973,,,,126.444701888875,36.7835309220148
MA0101202211A0055618,목포해수,,G2,소매,G206,음료 소매,G20601,얼음 소매업,G47221,음료 소매업,46,전라남도,46110,목포시,46110554,연산동,4611010300,연산동,4611010300112450001,1,대지,1245,1,전라남도 목포시 연산동 1245-1,461103281055,전라남도 목포시 연산로,250,,4611010300112450001050583,,전라남도 목포시 연산로 250,530370,58619,,,,126.373711574033,34.8171724049141
MA0101202211A0066525,여탕내매점,,G2,소매,G206,음료 소매,G20601,얼음 소매업,G47221,음료 소매업,41,경기도,41117,수원시 영통구,41117593,망포1동,4111710700,망포동,4111710700105700005,1,대지,570,5,경기도 수원시 영통구 망포동 570-5,411173177018,경기도 수원시 영통구 영통로,103,,4111710700105700005002976,뉴LG프라자,경기도 수원시 영통구 영통로 103,443400,16687,,7,,127.058286444895,37.237398482554
MA0101202212A0065833,해송온천,,G2,소매,G206,음료 소매,G20601,얼음 소매업,G47221,음료 소매업,26,부산광역시,26350,해운대구,26350650,재송1동,2635010400,재송동,2635010400110910036,1,대지,1091,36,부산광역시 해운대구 재송동 1091-36,263504199199,부산광역시 해운대구 재송1로60번길,36,,2635010400110910036015411,,부산광역시 해운대구 재송1로60번길 36,612831,48055,,,,129.123887882402,35.1860369913231
MA0101202212A0058227,댄스동호회,,G2,소매,G206,음료 소매,G20601,얼음 소매업,G47221,음료 소매업,28,인천광역시,28260,서구,28260730,마전동,2826011300,마전동,2826011300110280012,1,대지,1028,12,인천광역시 서구 마전동 1028-12,282603156068,인천광역시 서구 완정로,53,,2826011300106360007029117,,인천광역시 서구 완정로 53,404260,22639,,,,126.668469569099,37.5964987457858
MA0101202303A0047095,신영얼음,,G2,소매,G206,음료 소매,G20601,얼음 소매업,G47221,음료 소매업,46,전라남도,46110,목포시,46110695,죽교동,4611015700,죽교동,4611015700105490043,1,대지,549,43,전라남도 목포시 죽교동 549-43,461104643001,전라남도 목포시 고하대로597번길,27,1,4611015700105490043000001,,전라남도 목포시 고하대로597번길 27-1,530846,58625,,,,126.363700241389,34.8014813062529
MA010120220804238987,오진유통,,G2,소매,G206,음료 소매,G20601,얼음 소매업,G47221,음료 소매업,11,서울특별시,11710,송파구,11710631,가락1동,1171010700,가락동,1171010700106000000,1,대지,600,,서울특별시 송파구 가락동 600,117102000006,서울특별시 송파구 양재대로,932,,1171010700106000000006061,가락동농수산물도매시장,서울특별시 송파구 양재대로 932,138701,05699,,1,,127.10871642044,37.4945338152583
MA010120220804318364,강북얼음,,G2,소매,G206,음료 소매,G20601,얼음 소매업,G47221,음료 소매업,11,서울특별시,11230,동대문구,11230536,용신동,1123010200,용두동,1123010200100120008,1,대지,12,8,서울특별시 동대문구 용두동 12-8,112304115032,서울특별시 동대문구 고산자로34길,58,,1123010200100120008037182,,서울특별시 동대문구 고산자로34길 58,130817,02560,,1,,127.041547286058,37.5782524483115
MA010120220805808355,스피드유통,,G2,소매,G206,음료 소매,G20601,얼음 소매업,G47221,음료 소매업,47,경상북도,47170,안동시,47170620,평화동,4717012900,운안동,4717012900104390001,1,대지,439,1,경상북도 안동시 운안동 439-1,471704721319,경상북도 안동시 마무골1길,23,,4717012900104390001006184,,경상북도 안동시 마무골1길 23,760270,36630,,,,128.709068697256,36.5725591056806
MA010120220807252768,빙산얼음조각,,G2,소매,G206,음료 소매,G20601,얼음 소매업,G47221,음료 소매업,52,전북특별자치도,52113,전주시 덕진구,52113650,조촌동,5211312600,성덕동,5211312600104980000,1,대지,498,,전북특별자치도 전주시 덕진구 성덕동 498,521133268117,전북특별자치도 전주시 덕진구 번영로,207,,4511312600104980000010656,,전북특별자치도 전주시 덕진구 번영로 207,561390,54801,,,,127.029932325185,35.8768085009573
MA010120220808713567,경기판교수지얼음,,G2,소매,G206,음료 소매,G20601,얼음 소매업,G47221,음료 소매업,41,경기도,41463,용인시 기흥구,41463590,보정동,4146311800,보정동,4146311800109190000,1,대지,919,,경기도 용인시 기흥구 보정동 919,414634412226,경기도 용인시 기흥구 이현로29번길,88,,4146311800109190000024509,E-편한세상대림아파트,경기도 용인시 기흥구 이현로29번길 88,446853,16931,,,,127.099639217652,37.3007591461865
MA010120220810209526,푸르던,,G2,소매,G206,음료 소매,G20601,얼음 소매업,G47221,음료 소매업,48,경상남도,48250,김해시,48250540,내외동,4825010800,내동,4825010800101400001,1,대지,140,1,경상남도 김해시 내동 140-1,482504805808,경상남도 김해시 평전로201번길,3,6,4825010800101400001088413,,경상남도 김해시 평전로201번길 3-6,621902,50889,,,,128.864032638635,35.245217418607
MA010120220810273504,삼원얼음,,G2,소매,G206,음료 소매,G20601,얼음 소매업,G47221,음료 소매업,11,서울특별시,11560,영등포구,11560585,도림동,1156011800,도림동,1156011800101410130,1,대지,141,130,서울특별시 영등포구 도림동 141-130,115604154213,서울특별시 영등포구 도림로112가길,12,,1156011800101410130026629,,서울특별시 영등포구 도림로112가길 12,150830,07369,,1,,126.902460699478,37.5083199473034
MA010120220811853457,아이스크림,전문점,G2,소매,G206,음료 소매,G20601,얼음 소매업,G47216,"빵류, 과자류 및 당류 소매업",41,경기도,41287,고양시 일산서구,41287510,일산1동,4128710100,일산동,4128710100120410000,1,대지,2041,,경기도 고양시 일산서구 일산동 2041,412873194033,경기도 고양시 일산서구 탄중로,514,,4128710300120410000003736,에이스1단지,경기도 고양시 일산서구 탄중로 514,411785,10347,,1,,126.769538783126,37.6896396583332
MA010120220811903189,고흥얼음,,G2,소매,G206,음료 소매,G20601,얼음 소매업,G47221,음료 소매업,46,전라남도,46770,고흥군,46770250,고흥읍,4677025026,고흥읍,4677025026106230024,1,대지,623,24,전라남도 고흥군 고흥읍 남계리 623-24,467703289003,전라남도 고흥군 고흥읍 고흥로,1755,2,4677025026109860024030913,,전라남도 고흥군 고흥읍 고흥로 1755-2,548802,59543,,,,127.286452654797,34.6075953919064
MA010120220811903973,거제얼음,,G2,소매,G206,음료 소매,G20601,얼음 소매업,G47221,음료 소매업,48,경상남도,48310,거제시,48310560,옥포2동,4831010600,옥포동,4831010600119140005,1,대지,1914,5,경상남도 거제시 옥포동 1914-5,483104811513,경상남도 거제시 옥포로4길,39,,4831010600119140005043019,,경상남도 거제시 옥포로4길 39,656907,53231,,1,,128.696491134106,34.8923607540145
MA010120220811884934,롯데힐스낵,,G2,소매,G206,음료 소매,G20601,얼음 소매업,G47221,음료 소매업,28,인천광역시,28200,남동구,28200522,구월4동,2820010100,구월동,2820010100112640000,1,대지,1264,,인천광역시 남동구 구월동 1264,282003008031,인천광역시 남동구 호구포로,818,,2820010100112640000028601,사우나퍼스트하임프라자,인천광역시 남동구 호구포로 818,405839,21534,,1,,126.719603312668,37.455300543912
MA010120220800613892,세찌상회,,G2,소매,G206,음료 소매,G20601,얼음 소매업,G47221,음료 소매업,11,서울특별시,11230,동대문구,11230545,제기동,1123010300,제기동,1123010300109810000,1,대지,981,,서울특별시 동대문구 제기동 981,112304115260,서울특별시 동대문구 약령중앙로6길,5,,1123010300109800000031688,맨우측상가,서울특별시 동대문구 약령중앙로6길 5,130864,02570,,1,,127.037427846615,37.5809027483596
MA010120220802510457,금탑얼음,,G2,소매,G206,음료 소매,G20601,얼음 소매업,G47221,음료 소매업,46,전라남도,46770,고흥군,46770253,도양읍,4677025324,도양읍,4677025324127660006,1,대지,2766,6,전라남도 고흥군 도양읍 봉암리 2766-6,467704667249,전라남도 고흥군 도양읍 목넘가는길,67,,4677025324127660006063202,,전라남도 고흥군 도양읍 목넘가는길 67,548907,59556,,,,127.128616296129,34.5292126430012
MA010120220805665338,얼음집,,G2,소매,G206,음료 소매,G20601,얼음 소매업,G47221,음료 소매업,43,충청북도,43130,충주시,43130515,성내.충인동,4313010100,성내동,4313010100103220000,1,대지,322,,충청북도 충주시 성내동 322,431304514083,충청북도 충주시 관아3길,26,4,4313010100103230000000631,,충청북도 충주시 관아3길 26-4,380010,27388,,,,127.934124661764,36.9715457592704
MA010120220807082446,더조은유통,,G2,소매,G206,음료 소매,G20601,얼음 소매업,G47221,음료 소매업,52,전북특별자치도,52130,군산시,52130390,옥도면,5213039024,옥도면,5213039024102690000,1,대지,269,,전북특별자치도 군산시 옥도면 선유도리 269,521304604573,전북특별자치도 군산시 옥도면 선유북길,101,,4513039024102710000001161,,전북특별자치도 군산시 옥도면 선유북길 101,573816,54000,,,,126.411723458984,35.8136276864907
MA010120220808674639,한천수오미자연구소,,G2,소매,G206,음료 소매,G20601,얼음 소매업,G47221,음료 소매업,48,경상남도,48880,거창군,48880410,가북면,4888041024,가북면,4888041024109080000,1,대지,908,,경상남도 거창군 가북면 해평리 908,488804841410,경상남도 거창군 가북면 연곡길,46,,4888041024109080000003959,,경상남도 거창군 가북면 연곡길 46,670922,50116,,,,127.97307543596,35.7767830250399
MA010120220810081338,캔자판기,,G2,소매,G206,음료 소매,G20601,얼음 소매업,G47221,음료 소매업,41,경기도,41285,고양시 일산동구,41285560,마두1동,4128510500,마두동,4128510500107360001,1,대지,736,1,경기도 고양시 일산동구 마두동 736-1,412853193028,경기도 고양시 일산동구 일산로,197,,4128510500107360003005518,센터,경기도 고양시 일산동구 일산로 197,410810,10416,,1,,126.789899794464,37.6539719217845
MA010120220810082429,얼음천국아이스크림할인점,,G2,소매,G206,음료 소매,G20601,얼음 소매업,G47221,음료 소매업,11,서울특별시,11740,강동구,11740600,천호1동,1174010900,천호동,1174010900102790006,1,대지,279,6,서울특별시 강동구 천호동 279-6,117403016054,서울특별시 강동구 구천면로,260,,1174010900102790006013671,,서울특별시 강동구 구천면로 260,134865,05330,,1,,127.132108630564,37.543416393986
MA010120220810111570,금방유통,,G2,소매,G206,음료 소매,G20601,얼음 소매업,G47221,음료 소매업,11,서울특별시,11200,성동구,11200650,성수1가1동,1120011400,성수동1가,1120011400103080002,1,대지,308,2,서울특별시 성동구 성수동1가 308-2,112004109340,서울특별시 성동구 성덕정길,68,,1120011400103080002009751,,서울특별시 성동구 성덕정길 68,133820,04775,,1,,127.051051844887,37.5378930581313
MA010120220811590526,동래얼음,,G2,소매,G206,음료 소매,G20601,얼음 소매업,G47221,음료 소매업,26,부산광역시,26410,금정구,26410610,장전2동,2641010800,장전동,2641010800103390006,1,대지,339,6,부산광역시 금정구 장전동 339-6,264103006033,부산광역시 금정구 금정로,37,,2641010800103390006006281,,부산광역시 금정구 금정로 37,609392,46297,,,,129.085817451034,35.227971619486
MA010120220811574543,동래얼음,,G2,소매,G206,음료 소매,G20601,얼음 소매업,G47221,음료 소매업,26,부산광역시,26260,동래구,26260520,복산동,2626010300,칠산동,2626010300101480005,1,대지,148,5,부산광역시 동래구 칠산동 148-5,262604190081,부산광역시 동래구 동래로190번길,29,,2626010300101480005017731,,부산광역시 동래구 동래로190번길 29,607030,47812,,,,129.090402516322,35.2020655676345
MA010120220812797491,대운상사,,G2,소매,G206,음료 소매,G20601,얼음 소매업,G47221,음료 소매업,47,경상북도,47170,안동시,47170650,옥동,4717013300,옥동,4717013300107660001,1,대지,766,1,경상북도 안동시 옥동 766-1,471704721490,경상북도 안동시 복주2길,25,,4717013300107660001027632,옥동세영두레마을,경상북도 안동시 복주2길 25,760310,36660,,,,128.698525309296,36.5619334873715
MA010120220812822053,구인얼음,,G2,소매,G206,음료 소매,G20601,얼음 소매업,G47221,음료 소매업,26,부산광역시,26530,사상구,26530591,모라1동,2653010200,모라동,2653010200106610001,1,대지,661,1,부산광역시 사상구 모라동 661-1,265304217265,부산광역시 사상구 사상로477번길,37,,2653010200106610001029070,,부산광역시 사상구 사상로477번길 37,617822,46921,,,,128.985328742349,35.1874513460681
MA010120220812883951,남대문얼음,,G2,소매,G206,음료 소매,G20601,얼음 소매업,G47221,음료 소매업,11,서울특별시,11140,중구,11140540,회현동,1114011200,남창동,1114011200100500057,1,대지,50,57,서울특별시 중구 남창동 50-57,111404103020,서울특별시 중구 남대문시장4길,28,12,1114011200100500057021882,남대문상가,서울특별시 중구 남대문시장4길 28-12,100804,04528,,,,126.976628540349,37.5591653493886
MA010120220812973423,하나유통,,G2,소매,G206,음료 소매,G20601,얼음 소매업,G47992,계약배달 판매업,11,서울특별시,11215,광진구,11215850,구의1동,1121510300,구의동,1121510300102540078,1,대지,254,78,서울특별시 광진구 구의동 254-78,112154112429,서울특별시 광진구 자양로25길,7,,1121510300102540078009701,,서울특별시 광진구 자양로25길 7,143827,05024,,,,127.083166920084,37.5415058369141
MA010120220813252640,얼음나라,,G2,소매,G206,음료 소매,G20601,얼음 소매업,G47221,음료 소매업,11,서울특별시,11680,강남구,11680730,일원1동,1168011400,일원동,1168011400106390001,1,대지,639,1,서울특별시 강남구 일원동 639-1,116803122001,서울특별시 강남구 개포로,658,,1168011400106390001001871,,서울특별시 강남구 개포로 658,135943,06339,,,,127.084653344468,37.4950941125192
MA010120220813240799,아이스크림,전문점,G2,소매,G206,음료 소매,G20601,얼음 소매업,G47216,"빵류, 과자류 및 당류 소매업",28,인천광역시,28245,계양구,28245612,계산2동,2824510200,계산동,2824510200109310023,1,대지,931,23,인천광역시 계양구 계산동 931-23,282454265021,인천광역시 계양구 경명대로1045번길,17,,2824510200109310022094832,삼환3빌딩,인천광역시 계양구 경명대로1045번길 17,407805,21039,,1,,126.72283103275,37.5453003697755
MA010120220813251928,소문난얼음집,,G2,소매,G206,음료 소매,G20601,얼음 소매업,G47221,음료 소매업,44,충청남도,44770,서천군,44770253,서천읍,4477025321,서천읍,4477025321106480001,1,대지,648,1,충청남도 서천군 서천읍 군사리 648-1,447704580848,충청남도 서천군 서천읍 충절로59번길,32,,4477025321106480001028864,,충청남도 서천군 서천읍 충절로59번길 32,325802,33642,,,,126.690264205855,36.0764055793737
MA010120220813497388,수산얼음,,G2,소매,G206,음료 소매,G20601,얼음 소매업,G47221,음료 소매업,46,전라남도,46130,여수시,46130655,대교동,4613011500,봉산동,4613011500100960008,1,대지,96,8,전라남도 여수시 봉산동 96-8,461303282033,전라남도 여수시 봉산2로,8,,4613011500100960008015938,,전라남도 여수시 봉산2로 8,550818,59764,,,,127.72468821859,34.7308226539003
MA010120220813534144,서시장얼음수산,,G2,소매,G206,음료 소매,G20601,얼음 소매업,G47221,음료 소매업,46,전라남도,46130,여수시,46130635,서강동,4613011300,서교동,4613011300102800000,1,대지,280,,전라남도 여수시 서교동 280,461303282069,전라남도 여수시 좌수영로,16,6,4613011300102800000002046,,전라남도 여수시 좌수영로 16-6,550130,59752,,,,127.728616808846,34.7417872454761
MA010120220813651894,철이얼음,,G2,소매,G206,음료 소매,G20601,얼음 소매업,G47221,음료 소매업,47,경상북도,47113,포항시 북구,47113520,중앙동,4711310300,남빈동,4711310300109890014,1,대지,989,14,경상북도 포항시 북구 남빈동 989-14,471133304039,경상북도 포항시 북구 칠성로,66,1,4711310300109890014105992,,경상북도 포항시 북구 칠성로 66-1,791080,37740,,,,129.368979581793,36.0370015622906
MA010120220813719666,대둔도유통,,G2,소매,G206,음료 소매,G20601,얼음 소매업,G47221,음료 소매업,46,전라남도,46110,목포시,46110695,죽교동,4611015700,죽교동,4611015700105490043,1,대지,549,43,전라남도 목포시 죽교동 549-43,461104643001,전라남도 목포시 고하대로597번길,27,1,4611015700105490043000001,,전라남도 목포시 고하대로597번길 27-1,530846,58625,,,,126.363700241389,34.8014813062529
MA010120220813907147,용진유통아이스크림할인점진보점,,G2,소매,G206,음료 소매,G20601,얼음 소매업,G47216,"빵류, 과자류 및 당류 소매업",47,경상북도,47750,청송군,47750370,진보면,4775037037,진보면,4775037037100560008,1,대지,56,8,경상북도 청송군 진보면 이촌리 56-8,477503316017,경상북도 청송군 진보면 진보로,67,,4775037037100560008000001,,경상북도 청송군 진보면 진보로 67,763815,37406,,,,129.039775194112,36.53107513365
MA010120220813981651,중앙얼음,,G2,소매,G206,음료 소매,G20601,얼음 소매업,G47221,음료 소매업,11,서울특별시,11140,중구,11140670,황학동,1114016500,황학동,1114016500106400000,1,대지,640,,서울특별시 중구 황학동 640,111404103390,서울특별시 중구 퇴계로87길,34,,1114016500106400000002454,,서울특별시 중구 퇴계로87길 34,100869,04575,,1,,127.0211327402,37.5670404803595
MA010120220813970267,코너스톤랩스,,G2,소매,G206,음료 소매,G20601,얼음 소매업,G47221,음료 소매업,41,경기도,41173,안양시 동안구,41173552,관양동,4117310200,관양동,4117310200114060047,1,대지,1406,47,경기도 안양시 동안구 관양동 1406-47,411732182001,경기도 안양시 동안구 관악대로,335,,4117310200114060048003289,,경기도 안양시 동안구 관악대로 335,431806,13937,,,,126.96014164645,37.4039981948862
MA010120220802202884,태일얼음,,G2,소매,G206,음료 소매,G20601,얼음 소매업,G47221,음료 소매업,41,경기도,41360,남양주시,41360570,별내동,4136011100,별내동,4136011100110070001,1,대지,1007,1,경기도 남양주시 별내동 1007-1,413603197091,경기도 남양주시 별내중앙로,36,23,4136011100110070001000001,백상앨리츠1차,경기도 남양주시 별내중앙로 36-23,472501,12113,,,,127.12619483888,37.6464962363205
MA010120220802222253,아이스월드강북얼음,,G2,소매,G206,음료 소매,G20601,얼음 소매업,G47221,음료 소매업,41,경기도,41310,구리시,41310520,동구동,4131010200,사노동,4131010200101710012,1,대지,171,12,경기도 구리시 사노동 171-12,413103012037,경기도 구리시 동구릉로,348,1,4131010200101710012000001,,경기도 구리시 동구릉로 348-1,471040,11907,,,,127.141061697298,37.6287390145664
MA010120220803980708,우진아이스,,G2,소매,G206,음료 소매,G20601,얼음 소매업,G47221,음료 소매업,11,서울특별시,11320,도봉구,11320700,방학2동,1132010600,방학동,1132010600106440026,1,대지,644,26,서울특별시 도봉구 방학동 644-26,113204127080,서울특별시 도봉구 도당로19길,47,,1132010600106440026001030,,서울특별시 도봉구 도당로19길 47,132844,01348,,1,,127.039353680841,37.6691898322069
MA010120220805440571,어멍상회,,G2,소매,G206,음료 소매,G20601,얼음 소매업,G47221,음료 소매업,50,제주특별자치도,50110,제주시,50110650,연동,5011013700,연동,5011013700103060012,1,대지,306,12,제주특별자치도 제주시 연동 306-12,501104847801,제주특별자치도 제주시 사장길,37,,5011013700103060012063398,,제주특별자치도 제주시 사장길 37,690815,63136,,,,126.494962389239,33.4826115161929
MA010120220805462255,연향얼음,,G2,소매,G206,음료 소매,G20601,얼음 소매업,G47221,음료 소매업,46,전라남도,46150,순천시,46150570,덕연동,4615011400,연향동,4615011400115020003,1,대지,1502,3,전라남도 순천시 연향동 1502-3,461504649209,전라남도 순천시 대석2길,11,4,4615011400115020003000001,,전라남도 순천시 대석2길 11-4,540975,57987,,,,127.523962106132,34.9445805171573
MA010120220806947957,레알인,,G2,소매,G206,음료 소매,G20601,얼음 소매업,G47221,음료 소매업,27,대구광역시,27260,수성구,27260570,수성1가동,2726010300,수성동1가,2726010300106710032,1,대지,671,32,대구광역시 수성구 수성동1가 671-32,272604238054,대구광역시 수성구 달구벌대로456길,29,,2726010300106710032012770,,대구광역시 수성구 달구벌대로456길 29,706831,42121,,,,128.611234921893,35.8585174016431
MA010120220811452670,여천얼음식자재,,G2,소매,G206,음료 소매,G20601,얼음 소매업,G47221,음료 소매업,46,전라남도,46130,여수시,46130810,주삼동,4613013900,봉계동,4613013900107470001,1,대지,747,1,전라남도 여수시 봉계동 747-1,461304646426,전라남도 여수시 봉계4길,3,,4613013900107470001025410,,전라남도 여수시 봉계4길 3,555130,59631,,1,,127.66367525019,34.7839382101984
MA010120220800223168,"경북청도얼음,엄마의바다",,G2,소매,G206,음료 소매,G20601,얼음 소매업,G47221,음료 소매업,47,경상북도,47290,경산시,47290530,남부동,4729010300,서상동,4729010300100160001,1,대지,16,1,경상북도 경산시 서상동 16-1,472904739664,경상북도 경산시 중앙로14길,28,,4729010300100160001004265,,경상북도 경산시 중앙로14길 28,712010,38629,,,,128.734831015821,35.8200299486018
MA010120220800223897,물병자리,,G2,소매,G206,음료 소매,G20601,얼음 소매업,G47221,음료 소매업,11,서울특별시,11170,용산구,11170560,원효로1동,1117011200,원효로1가,1117011200100270021,1,대지,27,21,서울특별시 용산구 원효로1가 27-21,111704106258,서울특별시 용산구 원효로77길,20,8,1117011200100270021018411,,서울특별시 용산구 원효로77길 20-8,140846,04316,,,,126.965919551281,37.5392686957578
MA010120220802051391,신흥얼음,,G2,소매,G206,음료 소매,G20601,얼음 소매업,G47221,음료 소매업,41,경기도,41196,부천시 오정구,41196570,신흥동,4119610700,삼정동,4119610700103130023,1,대지,313,23,경기도 부천시 오정구 삼정동 313-23,411964358411,경기도 부천시 오정구 평천로721번길,14,5,4119910700103130023017089,,경기도 부천시 오정구 평천로721번길 14-5,421810,14495,,,,126.771092377943,37.5158239726403
MA010120220803728007,현동유통,,G2,소매,G206,음료 소매,G20601,얼음 소매업,G47221,음료 소매업,11,서울특별시,11200,성동구,11200540,마장동,1120010500,마장동,1120010500104620001,1,대지,462,1,서울특별시 성동구 마장동 462-1,112004109527,서울특별시 성동구 청계천로12가길,34,,1120010500104620001020532,,서울특별시 성동구 청계천로12가길 34,133812,04704,,,,127.035441830516,37.5707581634798
MA010120220808237909,시민얼음,,G2,소매,G206,음료 소매,G20601,얼음 소매업,G47221,음료 소매업,46,전라남도,46130,여수시,46130570,중앙동,4613010800,교동,4613010800106800000,1,대지,680,,전라남도 여수시 교동 680,461304646664,전라남도 여수시 여객선터미널길,24,,4613010800106800000030521,,전라남도 여수시 여객선터미널길 24,550060,59735,,,,127.731762279008,34.7381357607775
MA010120220809813098,철이얼음,,G2,소매,G206,음료 소매,G20601,얼음 소매업,G47221,음료 소매업,26,부산광역시,26410,금정구,26410570,부곡1동,2641010900,부곡동,2641010900103270030,1,대지,327,30,부산광역시 금정구 부곡동 327-30,264103135018,부산광역시 금정구 동현로,7,,2641010900103270030009268,,부산광역시 금정구 동현로 7,609826,46302,,,,129.089528830426,35.2236631793812
MA010120220811250356,장유얼음,,G2,소매,G206,음료 소매,G20601,얼음 소매업,G47221,음료 소매업,48,경상남도,48250,김해시,48250610,장유1동,4825012600,무계동,4825012600101890018,1,대지,189,18,경상남도 김해시 무계동 189-18,482504805675,경상남도 김해시 장유로301번길,9,1,4825031024101890018076096,,경상남도 김해시 장유로301번길 9-1,621240,51007,,,,128.815042964958,35.2005599574007
MA010120220800052835,신강얼음,,G2,소매,G206,음료 소매,G20601,얼음 소매업,G47221,음료 소매업,11,서울특별시,11545,금천구,11545510,가산동,1154510100,가산동,1154510100101490001,1,대지,149,1,서울특별시 금천구 가산동 149-1,115454151284,서울특별시 금천구 시흥대로153길,71,,1154510100101490001018205,,서울특별시 금천구 시흥대로153길 71,153801,08532,,1,,126.894633401193,37.4765707521873
MA010120220800109713,수담,,G2,소매,G206,음료 소매,G20601,얼음 소매업,G47221,음료 소매업,43,충청북도,43112,청주시 서원구,43112310,남이면,4311231022,남이면,4311231022103550002,1,대지,355,2,충청북도 청주시 서원구 남이면 외천리 355-2,431124520131,충청북도 청주시 서원구 남이면 남이외천1길,26,33,4371035022003550002036823,,충청북도 청주시 서원구 남이면 남이외천1길 26-33,362813,28185,,,,127.433271466796,36.5508086823464
MA010120220800186896,하나얼음,,G2,소매,G206,음료 소매,G20601,얼음 소매업,G47221,음료 소매업,11,서울특별시,11440,마포구,11440730,성산2동,1144012500,성산동,1144012500105330001,1,대지,533,1,서울특별시 마포구 성산동 533-1,114403113018,서울특별시 마포구 월드컵로,235,,1144012500105330001017990,마포농수산물시장,서울특별시 마포구 월드컵로 235,121849,03901,,,,126.898481601096,37.5651967331886
MA010120220801719398,육거리얼음,,G2,소매,G206,음료 소매,G20601,얼음 소매업,G47221,음료 소매업,41,경기도,41150,의정부시,41150510,의정부1동,4115010100,의정부동,4115010100100940005,1,대지,94,5,경기도 의정부시 의정부동 94-5,411503181062,경기도 의정부시 태평로,54,,4115010100100940005000618,,경기도 의정부시 태평로 54,480011,11698,,,,127.051766926239,37.737109538121
MA010120220803530494,해든기획,,G2,소매,G206,음료 소매,G20601,얼음 소매업,G47221,음료 소매업,46,전라남도,46110,목포시,46110756,상동,4611015800,상동,4611015800102200000,1,대지,220,,전라남도 목포시 상동 220,461103281095,전라남도 목포시 영산로,525,,4611015800101930007000331,내매표소앞상가,전라남도 목포시 영산로 525,530822,58642,,1,,126.417108787348,34.8132596544233
MA010120220803616188,북부빙고,,G2,소매,G206,음료 소매,G20601,얼음 소매업,G47221,음료 소매업,11,서울특별시,11230,동대문구,11230545,제기동,1123010300,제기동,1123010300104720000,1,대지,472,,서울특별시 동대문구 제기동 472,112304115003,서울특별시 동대문구 경동시장로12길,41,8,1123010300104720000034985,,서울특별시 동대문구 경동시장로12길 41-8,130862,02573,,,,127.043168629003,37.5825315869133
MA010120220806555322,롯데칠성음료,구의점,G2,소매,G206,음료 소매,G20601,얼음 소매업,G47221,음료 소매업,41,경기도,41360,남양주시,41360262,오남읍,4136026223,오남읍,4136026223105870016,1,대지,587,16,경기도 남양주시 오남읍 오남리 587-16,413604391567,경기도 남양주시 오남읍 양지로장자길,5,14,4136026223105870016008757,,경기도 남양주시 오남읍 양지로장자길 5-14,472883,12048,,,,127.206388307416,37.6885490164451
MA010120220806711413,백운얼음,,G2,소매,G206,음료 소매,G20601,얼음 소매업,G47221,음료 소매업,46,전라남도,46230,광양시,46230250,광양읍,4623025023,광양읍,4623025023109630012,1,대지,963,12,전라남도 광양시 광양읍 칠성리 963-12,462303285061,전라남도 광양시 광양읍 인덕로,959,1,4623025023109630012004824,,전라남도 광양시 광양읍 인덕로 959-1,545809,57754,,,,127.580725905058,34.9685423372292
MA010120220808081209,한국얼음,,G2,소매,G206,음료 소매,G20601,얼음 소매업,G47221,음료 소매업,41,경기도,41310,구리시,41310520,동구동,4131010300,인창동,4131010300101270000,1,대지,127,,경기도 구리시 인창동 127,413104388055,경기도 구리시 동구릉로136번길,90,,4131010300101270000000001,앞구리농수산물공사,경기도 구리시 동구릉로136번길 90,471728,11916,,,,127.144480734631,37.6159228470632
MA010120220808058508,연흥얼음,,G2,소매,G206,음료 소매,G20601,얼음 소매업,G47221,음료 소매업,11,서울특별시,11380,은평구,11380625,역촌동,1138010800,역촌동,1138010800100630021,1,대지,63,21,서울특별시 은평구 역촌동 63-21,113803111006,서울특별시 은평구 연서로,41,1,1138010800100630021016903,,서울특별시 은평구 연서로 41-1,122901,03418,,1,,126.915507659404,37.6029887825954
MA010120220811160728,남해얼음집,,G2,소매,G206,음료 소매,G20601,얼음 소매업,G47221,음료 소매업,48,경상남도,48840,남해군,48840250,남해읍,4884025021,남해읍,4884025021102800006,1,대지,280,6,경상남도 남해군 남해읍 북변리 280-6,488404829413,경상남도 남해군 남해읍 화전로96번가길,10,,4884025021102800006060997,,경상남도 남해군 남해읍 화전로96번가길 10,668803,52414,,,,127.89495498321,34.8406861827186
MA010120220811152922,현대얼음,,G2,소매,G206,음료 소매,G20601,얼음 소매업,G47221,음료 소매업,48,경상남도,48240,사천시,48240510,동서동,4824010100,동동,4824010100101560006,1,대지,156,6,경상남도 사천시 동동 156-6,482404802410,경상남도 사천시 수남길,39,,4824010100101560006023633,,경상남도 사천시 수남길 39,664020,52569,,,,128.071878704745,34.9283897973725
MA010120220811174780,상봉얼음.경남연탄,,G2,소매,G206,음료 소매,G20601,얼음 소매업,G47211,"곡물, 곡분 및 가축 사료 소매업",48,경상남도,48170,진주시,48170595,상봉동,4817011400,상봉동,4817011400109130021,1,대지,913,21,경상남도 진주시 상봉동 913-21,481703332027,경상남도 진주시 비봉로,88,2,4817011400109130021002130,,경상남도 진주시 비봉로 88-2,660900,52747,,,,128.079420110764,35.1982501010514
MA010120220811196640,용원얼음,,G2,소매,G206,음료 소매,G20601,얼음 소매업,G47221,음료 소매업,48,경상남도,48129,창원시 진해구,48129650,웅동2동,4812916400,용원동,4812916400111380003,1,대지,1138,3,경상남도 창원시 진해구 용원동 1138-3,481293331038,경상남도 창원시 진해구 용원동로,238,7,4812916400111380003030325,용원동용원얼음구가덕횟집,경상남도 창원시 진해구 용원동로 238-7,645510,51610,,,,128.819893333348,35.0940275582473
MA010120220811191626,북극얼음,,G2,소매,G206,음료 소매,G20601,얼음 소매업,G47221,음료 소매업,43,충청북도,43740,영동군,43740250,영동읍,4374025021,영동읍,4374025021104610006,1,대지,461,6,충청북도 영동군 영동읍 계산리 461-6,437404529454,충청북도 영동군 영동읍 영동시장1길,36,,4374025021104580015005580,,충청북도 영동군 영동읍 영동시장1길 36,370808,29146,,,,127.774713633147,36.1772989497801
MA010120220812767564,김포얼음,,G2,소매,G206,음료 소매,G20601,얼음 소매업,G47221,음료 소매업,41,경기도,41570,김포시,41570256,양촌읍,4157025621,양촌읍,4157025621113110004,1,대지,1311,4,경기도 김포시 양촌읍 양곡리 1311-4,415704427394,경기도 김포시 양촌읍 양곡3로1번길,101,8,4157025621113110004000001,,경기도 김포시 양촌읍 양곡3로1번길 101-8,415845,10062,,4,,126.629398581983,37.6545319143605
MA010120220801512173,송탄얼음,,G2,소매,G206,음료 소매,G20601,얼음 소매업,G47221,음료 소매업,41,경기도,41220,평택시,41220570,신장1동,4122011200,신장동,4122011200103060120,1,대지,306,120,경기도 평택시 신장동 306-120,412204364390,경기도 평택시 신장로82번길,10,,4122011200103060120007621,,경기도 평택시 신장로82번길 10,459120,17751,,,,127.049845126537,37.0825014652342
MA010120220801515636,조은사우나매점,,G2,소매,G206,음료 소매,G20601,얼음 소매업,G47221,음료 소매업,41,경기도,41220,평택시,41220510,중앙동,4122010900,이충동,4122010900105180003,1,대지,518,3,경기도 평택시 이충동 518-3,412203188047,경기도 평택시 송탄로,65,,4122010900105180003003429,,경기도 평택시 송탄로 65,459825,17784,,,,127.055445545499,37.0510425517063
MA010120220801498132,대흥유통,,G2,소매,G206,음료 소매,G20601,얼음 소매업,S96913,세탁물 공급업,41,경기도,41550,안성시,41550520,안성2동,4155011200,신흥동,4155011200102070074,1,대지,207,74,경기도 안성시 신흥동 207-74,415504424555,경기도 안성시 장기2길,6,9,4155011200102070074022224,,경기도 안성시 장기2길 6-9,456220,17593,,,,127.26826679343,37.0028780603764
MA010120220801504446,금성농수산물,,G2,소매,G206,음료 소매,G20601,얼음 소매업,G47221,음료 소매업,41,경기도,41220,평택시,41220610,통복동,4122011400,통복동,4122011400100670035,1,대지,67,35,경기도 평택시 통복동 67-35,412203188107,경기도 평택시 통복로,72,,4122011400100670035011805,,경기도 평택시 통복로 72,450040,17893,,,,127.084076945443,36.9982675771377
MA010120220803437056,은평삼송녹즙,,G2,소매,G206,음료 소매,G20601,얼음 소매업,G47992,계약배달 판매업,41,경기도,41281,고양시 덕양구,41281576,삼송1동,4128111100,삼송동,4128111100100610056,1,대지,61,56,경기도 고양시 덕양구 삼송동 61-56,412814376129,경기도 고양시 덕양구 삼송로205번길,23,,4128111100100610056006260,,경기도 고양시 덕양구 삼송로205번길 23,412080,10556,,1,,126.89620652097,37.654843151828
MA010120220804988419,오학얼음,,G2,소매,G206,음료 소매,G20601,얼음 소매업,G47221,음료 소매업,41,경기도,41670,여주시,41670510,여흥동,4167010100,상동,4167010100103260001,1,대지,326,1,경기도 여주시 상동 326-1,416704442323,경기도 여주시 여흥로160번길,1,,4173025021103260001057850,,경기도 여주시 여흥로160번길 1,469101,12629,,,,127.641309100682,37.2950360023561
MA010120220806430545,아보,,G2,소매,G206,음료 소매,G20601,얼음 소매업,G47221,음료 소매업,11,서울특별시,11650,서초구,11650530,서초3동,1165010800,서초동,1165010800115700010,1,대지,1570,10,서울특별시 서초구 서초동 1570-10,116504163238,서울특별시 서초구 반포대로28길,76,5,1165010800115700010022057,,서울특별시 서초구 반포대로28길 76-5,137874,06645,,3,,127.012732476023,37.4916638887209
MA010120220806508645,항도얼음,,G2,소매,G206,음료 소매,G20601,얼음 소매업,G47221,음료 소매업,48,경상남도,48125,창원시 마산합포구,48125630,오동동,4812512600,신포동2가,4812512600100270007,1,대지,27,7,경상남도 창원시 마산합포구 신포동2가 27-7,481254787438,경상남도 창원시 마산합포구 어시장8길,37,,4812512600100270007036443,해동상가,경상남도 창원시 마산합포구 어시장8길 37,631859,51720,,1,,128.575128809469,35.2017023204781
MA010120220807867948,광양매일시장얼음,,G2,소매,G206,음료 소매,G20601,얼음 소매업,G47221,음료 소매업,46,전라남도,46230,광양시,46230250,광양읍,4623025024,광양읍,4623025024102180001,1,대지,218,1,전라남도 광양시 광양읍 읍내리 218-1,462304655159,전라남도 광양시 광양읍 매일시장길,27,8,4623025024102180001031957,,전라남도 광양시 광양읍 매일시장길 27-8,545805,57742,,,,127.584397196119,34.9766821362331
MA010120220807905660,물집얼음,,G2,소매,G206,음료 소매,G20601,얼음 소매업,G47221,음료 소매업,46,전라남도,46130,여수시,46130570,중앙동,4613010700,중앙동,4613010700102860002,1,대지,286,2,전라남도 여수시 중앙동 286-2,461303282072,전라남도 여수시 중앙로,90,,4613010700102860002009856,,전라남도 여수시 중앙로 90,550060,59737,,,,127.737255179036,34.7394186732731
MA010120220807920839,대한얼음,,G2,소매,G206,음료 소매,G20601,얼음 소매업,G47221,음료 소매업,46,전라남도,46130,여수시,46130570,중앙동,4613010700,중앙동,4613010700103840004,1,대지,384,4,전라남도 여수시 중앙동 384-4,461304646514,전라남도 여수시 선어시장길,8,1,4613010700103840004025258,,전라남도 여수시 선어시장길 8-1,550060,59737,,,,127.73657764657,34.739359674957
MA010120220807938120,영진얼음닭집,,G2,소매,G206,음료 소매,G20601,얼음 소매업,G47221,음료 소매업,46,전라남도,46130,여수시,46130790,시전동,4613013300,신기동,4613013300100730006,1,대지,73,6,전라남도 여수시 신기동 73-6,461304646586,전라남도 여수시 시전6길,22,,4613013300100730006039426,,전라남도 여수시 시전6길 22,555803,59685,,,,127.673286298042,34.7606654848671
MA010120220810951146,창원공단얼음석유,,G2,소매,G206,음료 소매,G20601,얼음 소매업,G47221,음료 소매업,48,경상남도,48123,창원시 성산구,48123520,중앙동,4812312500,중앙동,4812312500100280007,1,대지,28,7,경상남도 창원시 성산구 중앙동 28-7,481234784213,경상남도 창원시 성산구 원이대로552번길,27,26,4812312500100280007002378,,경상남도 창원시 성산구 원이대로552번길 27-26,642843,51516,,,,128.674849214219,35.2268957395759
MA010120220810956030,얼음드라이아이스판매얼음나라,,G2,소매,G206,음료 소매,G20601,얼음 소매업,G47221,음료 소매업,48,경상남도,48123,창원시 성산구,48123530,상남동,4812312700,상남동,4812312700100600021,1,대지,60,21,경상남도 창원시 성산구 상남동 60-21,481234784300,경상남도 창원시 성산구 토월로44번길,17,1,4812312700100600021027044,,경상남도 창원시 성산구 토월로44번길 17-1,642829,51502,,,,128.682633369384,35.2166490443536
MA010120220811010491,명봉얼음,,G2,소매,G206,음료 소매,G20601,얼음 소매업,G47221,음료 소매업,31,울산광역시,31710,울주군,31710250,온산읍,3171025032,온산읍,3171025032109250005,1,대지,925,5,울산광역시 울주군 온산읍 덕신리 925-5,317104319231,울산광역시 울주군 온산읍 덕동길,47,,3171025032109250005000001,,울산광역시 울주군 온산읍 덕동길 47,689894,45004,,,,129.299849525715,35.4359483879588
MA010120220812484824,누림,,G2,소매,G206,음료 소매,G20601,얼음 소매업,G47216,"빵류, 과자류 및 당류 소매업",26,부산광역시,26500,수영구,26500780,광안3동,2650010400,광안동,2650010400110910001,1,대지,1091,1,부산광역시 수영구 광안동 1091-1,265003131037,부산광역시 수영구 수영로,677,,2650010400110910001000001,도시철도수영역,부산광역시 수영구 수영로 677,613103,48243,,,,129.114826025625,35.1658927450166
MA010120220801394103,오산얼음,,G2,소매,G206,음료 소매,G20601,얼음 소매업,G47221,음료 소매업,41,경기도,41370,오산시,41370560,초평동,4137011700,벌음동,4137011700101290000,1,대지,129,,경기도 오산시 벌음동 129,413703210137,경기도 오산시 발안로,1251,,4137011700101280001003129,,경기도 오산시 발안로 1251,447190,18104,,,,127.03633100657,37.1387058305811
MA010120220801464797,한솔얼음,,G2,소매,G206,음료 소매,G20601,얼음 소매업,G47221,음료 소매업,11,서울특별시,11290,성북구,11290555,삼선동,1129010800,동소문동5가,1129010800100560002,1,대지,56,2,서울특별시 성북구 동소문동5가 56-2,112903107003,서울특별시 성북구 동소문로,86,19,1129010800100560002000001,얼음한솔얼음,서울특별시 성북구 동소문로 86-19,136035,02846,,,,127.015229149877,37.5914673366897
MA010120220803152249,가가얼음,,G2,소매,G206,음료 소매,G20601,얼음 소매업,G47221,음료 소매업,52,전북특별자치도,52130,군산시,52130640,흥남동,5213013300,서흥남동,5213013300108310008,1,대지,831,8,전북특별자치도 군산시 서흥남동 831-8,521304604997,전북특별자치도 군산시 진포3길,5,,4513013300108310008028956,,전북특별자치도 군산시 진포3길 5,573190,54083,,,,126.716080013697,35.9730898088404
MA010120220803294824,당진냉동수산얼음,,G2,소매,G206,음료 소매,G20601,얼음 소매업,G47221,음료 소매업,44,충청남도,44270,당진시,44270510,당진1동,4427010100,읍내동,4427010100101450012,1,대지,145,12,충청남도 당진시 읍내동 145-12,442704595133,충청남도 당진시 당진시장길,99,,4483025021101450012086034,,충청남도 당진시 당진시장길 99,343920,31777,,,,126.629378123603,36.890462531951
MA010120220806263965,복대얼음,,G2,소매,G206,음료 소매,G20601,얼음 소매업,G47221,음료 소매업,43,충청북도,43113,청주시 흥덕구,43113741,복대1동,4311311400,복대동,4311311400106330001,1,대지,633,1,충청북도 청주시 흥덕구 복대동 633-1,431134511760,충청북도 청주시 흥덕구 월명로13번길,77,,4311311400106330001010423,,충청북도 청주시 흥덕구 월명로13번길 77,361811,28593,,,,127.448704820262,36.6353502651979
MA010120220806255916,나름대로유한책임회사,,G2,소매,G206,음료 소매,G20601,얼음 소매업,G47221,음료 소매업,30,대전광역시,30200,유성구,30200530,온천1동,3020011100,봉명동,3020011100105350006,1,대지,535,6,대전광역시 유성구 봉명동 535-6,302003167083,대전광역시 유성구 대학로,27,,3020011100105350006013489,유성현대리조텔,대전광역시 유성구 대학로 27,305301,34168,,,,127.341802539044,36.3563201066536
MA010120220806256408,효협동조합,,G2,소매,G206,음료 소매,G20601,얼음 소매업,G47221,음료 소매업,30,대전광역시,30170,서구,30170550,용문동,3017010500,용문동,3017010500102550007,1,대지,255,7,대전광역시 서구 용문동 255-7,301704298089,대전광역시 서구 계룡로686번길,18,,3017010500102550007010252,용문동리베라아이누리아파트1단지,대전광역시 서구 계룡로686번길 18,302845,35305,,,,127.395820476651,36.3353722772138
MA010120220807707836,자매수산,,G2,소매,G206,음료 소매,G20601,얼음 소매업,G47221,음료 소매업,46,전라남도,46910,신안군,46910250,지도읍,4691025025,지도읍,4691025025105700054,1,대지,570,54,전라남도 신안군 지도읍 읍내리 570-54,469103302008,전라남도 신안군 지도읍 지도증도로,191,,4691025025105700054000001,,전라남도 신안군 지도읍 지도증도로 191,535802,58813,,,,126.204202772414,35.042604400258
MA010120220807844498,부영얼음,,G2,소매,G206,음료 소매,G20601,얼음 소매업,G47221,음료 소매업,46,전라남도,46150,순천시,46150661,왕조1동,4615013300,조례동,4615013300112470008,1,대지,1247,8,전라남도 순천시 조례동 1247-8,461503283028,전라남도 순천시 충효로,137,,4615013300112470008000001,,전라남도 순천시 충효로 137,540979,57966,,,,127.515737407099,34.9509884600864
MA010120220809314155,얼음창고.종합보일러,,G2,소매,G206,음료 소매,G20601,얼음 소매업,G47221,음료 소매업,47,경상북도,47150,김천시,47150516,자산동,4715010200,용두동,4715010200101690000,1,대지,169,,경상북도 김천시 용두동 169,471504718676,경상북도 김천시 용머리6길,11,,4715010200101690000004848,,경상북도 김천시 용머리6길 11,740040,39591,,,,128.127727612598,36.1183157773504
MA010120220810840126,중앙얼음,,G2,소매,G206,음료 소매,G20601,얼음 소매업,G47221,음료 소매업,48,경상남도,48125,창원시 마산합포구,48125640,합포동,4812511900,상남동,4812511900102940001,1,대지,294,1,경상남도 창원시 마산합포구 상남동 294-1,481253329061,경상남도 창원시 마산합포구 허당로,24,1,4812511900102940001031477,,경상남도 창원시 마산합포구 허당로 24-1,631858,51725,,,,128.578495815802,35.2105807129611
MA0101202406A0208480,몬드리안,,G2,소매,G206,음료 소매,G20601,얼음 소매업,G47221,음료 소매업,46,전라남도,46710,담양군,46710250,담양읍,4671025024,담양읍,4671025024101750014,1,대지,175,14,전라남도 담양군 담양읍 객사리 175-14,467104658016,전라남도 담양군 담양읍 객사3길,15,,4671025024101750014000697,,전라남도 담양군 담양읍 객사3길 15,517802,57340,,,,126.982601408636,35.3239753934324
MA0101202406A0222606,오이도얼음,,G2,소매,G206,음료 소매,G20601,얼음 소매업,G47221,음료 소매업,41,경기도,41390,시흥시,41390593,정왕3동,4139013200,정왕동,4139013200120020007,1,대지,2002,7,경기도 시흥시 정왕동 2002-7,413904397471,경기도 시흥시 오이도중앙로36번길,12,,4139013200120020009017172,,경기도 시흥시 오이도중앙로36번길 12,429867,15015,,,,126.688636328804,37.3458664836039
MA0101202406A0237768,팡팡빙수,,G2,소매,G206,음료 소매,G20601,얼음 소매업,G47221,음료 소매업,43,충청북도,43150,제천시,43150590,청전동,4315011300,청전동,4315011300106680000,1,대지,668,,충청북도 제천시 청전동 668,431504517979,충청북도 제천시 청전대로10길,11,,4315011300106680000029508,,충청북도 제천시 청전대로10길 11,390899,27153,,1,,128.211893164068,37.1496892903533
MA0101202406A0212634,경남얼음,,G2,소매,G206,음료 소매,G20601,얼음 소매업,G47221,음료 소매업,31,울산광역시,31140,남구,31140670,야음장생포동,3114010700,여천동,3114010700109370014,1,대지,937,14,울산광역시 남구 여천동 937-14,311403000104,울산광역시 남구 산업로,432,,3114010700109370014024786,,울산광역시 남구 산업로 432,680090,44781,,,,129.344998386489,35.5215095742695
MA0101202406A0360278,함양얼음,,G2,소매,G206,음료 소매,G20601,얼음 소매업,G47221,음료 소매업,48,경상남도,48870,함양군,48870250,함양읍,4887025022,함양읍,4887025022105990010,1,대지,599,10,경상남도 함양군 함양읍 용평리 599-10,488704838328,경상남도 함양군 함양읍 용평4길,31,,4887025022105990010010075,,경상남도 함양군 함양읍 용평4길 31,676805,50046,,,,127.728577119141,35.5157946767309
MA0101202406A0274172,얼음가게,,G2,소매,G206,음료 소매,G20601,얼음 소매업,G47221,음료 소매업,41,경기도,41570,김포시,41570340,대곶면,4157034033,대곶면,4157034033105510003,1,대지,551,3,경기도 김포시 대곶면 대명리 551-3,415703209037,경기도 김포시 대곶면 대명항1로,110,29,4157034033105510003000001,,경기도 김포시 대곶면 대명항1로 110-29,415853,10041,,,,126.540099608921,37.6399280868465
MA0101202406A0431076,수성얼음,,G2,소매,G206,음료 소매,G20601,얼음 소매업,G47221,음료 소매업,27,대구광역시,27260,수성구,27260580,수성2.3가동,2726010400,수성동2가,2726010400101470003,1,대지,147,3,대구광역시 수성구 수성동2가 147-3,272604238301,대구광역시 수성구 수성로70길,33,,2726010400101470003013703,,대구광역시 수성구 수성로70길 33,706032,42125,,,,128.615682239761,35.8556551137547
MA0101202406A0518145,88냉동수산,,G2,소매,G206,음료 소매,G20601,얼음 소매업,G47221,음료 소매업,26,부산광역시,26710,기장군,26710259,일광읍,2671025927,일광읍,2671025927100020020,1,대지,2,20,부산광역시 기장군 일광읍 칠암리 2-20,267104220104,부산광역시 기장군 일광읍 문오성길,510,,2671031027100020020000001,,부산광역시 기장군 일광읍 문오성길 510,619911,46040,,,,129.260253868595,35.2985765645118
MA0101202409A0063077,죽도얼음,,G2,소매,G206,음료 소매,G20601,얼음 소매업,G47221,음료 소매업,47,경상북도,47113,포항시 북구,47113655,죽도동,4711311600,죽도동,4711311600105770010,1,대지,577,10,경상북도 포항시 북구 죽도동 577-10,471134712582,경상북도 포항시 북구 죽도시장14길,9,,4711311600105770010094557,,경상북도 포항시 북구 죽도시장14길 9,791843,37741,,,,129.369191197259,36.0344385694131
MA0101202409A0140168,미식가,,G2,소매,G206,음료 소매,G20601,얼음 소매업,G47221,음료 소매업,11,서울특별시,11680,강남구,11680630,대치4동,1168010600,대치동,1168010600108900060,1,대지,890,60,서울특별시 강남구 대치동 890-60,116804166755,서울특별시 강남구 테헤란로70길,12,,1168010600108900060000001,,서울특별시 강남구 테헤란로70길 12,135839,06193,,,,127.053155483302,37.5047442382647
MA0101202409A0082878,무전얼음,,G2,소매,G206,음료 소매,G20601,얼음 소매업,G47221,음료 소매업,48,경상남도,48220,통영시,48220530,명정동,4822010300,명정동,4822010300100100000,1,대지,10,,경상남도 통영시 명정동 10,482203333043,경상남도 통영시 평인일주로,1105,,4822010300100100000000001,,경상남도 통영시 평인일주로 1105,650100,53057,,,,128.416614163745,34.8591090746806
MA0101202409A0127006,조이아이스크림,,G2,소매,G206,음료 소매,G20601,얼음 소매업,G47221,음료 소매업,47,경상북도,47900,예천군,47900250,예천읍,4790025021,예천읍,4790025021100740014,1,대지,74,14,경상북도 예천군 예천읍 노하리 74-14,479003303047,경상북도 예천군 예천읍 중앙로,30,,4790025021100740014042697,,경상북도 예천군 예천읍 중앙로 30,757805,36828,,1,,128.455186045518,36.6564566916898
MA0101202409A0190074,서부얼음,,G2,소매,G206,음료 소매,G20601,얼음 소매업,G47221,음료 소매업,30,대전광역시,30170,서구,30170560,괴정동,3017010800,괴정동,3017010800100600001,1,대지,60,1,대전광역시 서구 괴정동 60-1,301703166012,대전광역시 서구 괴정로,93,26,3017010800100600001004579,괴정동,대전광역시 서구 괴정로 93-26,302814,35269,,,,127.384749198851,36.339923326507
MA0101202409A0194617,상문석얼음,,G2,소매,G206,음료 소매,G20601,얼음 소매업,G47221,음료 소매업,27,대구광역시,27260,수성구,27260620,상동,2726010900,상동,2726010900103150008,1,대지,315,8,대구광역시 수성구 상동 315-8,272604238269,대구광역시 수성구 수성로20길,25,,2726010900103150008008106,,대구광역시 수성구 수성로20길 25,706828,42164,,,,128.612581033335,35.8342495586422
